From Type,From Name,Edge Type,To Type,Transaction Hash,Blockno,UnixTimestamp,DateTime (UTC),From,To Name,Token_ID,Method
Project,FamilyDay2024, acquired,User,0x987d361049bdaed785f86f29265bcc10d0dd4b17de54f2cae3b47ad320f2c446,60208535,1722829891,2024-08-05 03:51:31,0x0000000000000000000000000000000000000000,0x17ec9f0733d3f950c73f1abdb6a6a58ffa989653,2," ""Execute"""
Project,FamilyDay2024, acquired,User,0xc2e49a189240d0e3136d225e2e7e590c3c66738f49b78b5f0dc4b497bbcaf548,60208554,1722829953,2024-08-05 03:52:33,0x0000000000000000000000000000000000000000,0x2efb4424d34d786934b66564b33e2804d0e76f3e,3," ""Execute"""
Project,FamilyDay2024, acquired,User,0x6db7a49b96185ae6ef5424220c231615cad5cac3da03472e2cd29edd81d4ff51,60208591,1722830041,2024-08-05 03:54:01,0x0000000000000000000000000000000000000000,0x91bf53f5533ca04d180250a81a83e1c7ebcfe819,4," ""Execute"""
Project,FamilyDay2024, acquired,User,0x2d5d64a314563d6322cb6300294016b19a30fa49ba6f8d6fea17cadf15f1b354,60208657,1722830183,2024-08-05 03:56:23,0x0000000000000000000000000000000000000000,0xbf13da180bd8ef5aa1e334cdc872ecb76cedcd81,5," ""Execute"""
Project,FamilyDay2024, acquired,User,0x1069a915e746166476f2299227acbc0bdbcab30053b6405d73ed2931fd9571a1,60208670,1722830209,2024-08-05 03:56:49,0x0000000000000000000000000000000000000000,0x000c761cc881e7a9480d05de2d13dbc18faaa21f,6," ""Execute"""
Project,FamilyDay2024, acquired,User,0x4f818eb77a1aa39da20c8a1ba3848c716d0753a790b8efedaff9f5ad483bf838,60208694,1722830261,2024-08-05 03:57:41,0x0000000000000000000000000000000000000000,0x9ebc317515122e10ddb97e9bc6e0b9fa8d29c39d,7," ""Execute"""
Project,FamilyDay2024, acquired,User,0x43a9c11677d4c52054464b3884bfcfeb9baa523cba4382fc32a1f6d17d44f04c,60209121,1722831207,2024-08-05 04:13:27,0x0000000000000000000000000000000000000000,0x1d4e8e645b47a03cc68138ff17b095e08dae25fc,8," ""Execute"""
Project,FamilyDay2024, acquired,User,0x2655205be2b1093db4f8c14560f5dc8b0f26288f46374367b37aa68c4b18d4de,60209460,1722831959,2024-08-05 04:25:59,0x0000000000000000000000000000000000000000,0x7f520a35a3dc281126b4aaf5982852c2618394f0,9," ""Execute"""
Project,FamilyDay2024, acquired,User,0x147d3d7f392219c75a77c8f5a7ec8f92c363843010a0f5696a37836df1859d76,60210037,1722833217,2024-08-05 04:46:57,0x0000000000000000000000000000000000000000,0x1b85764be7ac876c69cf0157672bdd3ada64cff9,10," ""Execute"""
Project,FamilyDay2024, acquired,User,0x0a237fb817c56b7142a6cf1dcc28838f4b27d7736e4b69402c48ecf6212e7c1c,60210183,1722833559,2024-08-05 04:52:39,0x0000000000000000000000000000000000000000,0x8901c596e635c7b9f5c98b30258792d1ed32ea6e,11," ""Execute"""
Project,FamilyDay2024, acquired,User,0x48a436345e4e5dee2567ef895e9ac1e82baac7a2ff21d866a1ba9f5596057e2e,60210200,1722833595,2024-08-05 04:53:15,0x0000000000000000000000000000000000000000,0x8504fc0225ed53dea3d8be52b4431e0af65d2231,12," ""Execute"""
Project,FamilyDay2024, acquired,User,0xc389b2a00a98054f176c84275eb01e75ade3e1888f717e220c4a9489db0fb750,60210848,1722835005,2024-08-05 05:16:45,0x0000000000000000000000000000000000000000,0x6401a385569e62554b8e3db11bba907e4a7dfadc,13," ""Execute"""
Project,FamilyDay2024, acquired,User,0x510cdccae894b241248f2e97a3852f3dbb39259b6551a924ce7e0a2c6fd85330,60210910,1722835135,2024-08-05 05:18:55,0x0000000000000000000000000000000000000000,0xc87048834391f296d8ebc9bf5c9a5d8c14e0a526,14," ""Execute"""
Project,FamilyDay2024, acquired,User,0x38f63139f2c8836bf17ac4781a13b55edcfab15dece7e135e7547bdfa29d58d2,60211447,1722836342,2024-08-05 05:39:02,0x0000000000000000000000000000000000000000,0x0d137b9b780296c7a96328c542580f9afb6c1e10,15," ""Execute"""
Project,FamilyDay2024, acquired,User,0xa0b0ba1e8c43bf1e1699b1277cb93972599c5eae968c68a3fdf799fee7b8965a,60213423,1722840764,2024-08-05 06:52:44,0x0000000000000000000000000000000000000000,0xf3b32fb8c87de75b8fbd8fad4c5af275d2588bc4,16," ""Execute"""
Project,FamilyDay2024, acquired,User,0xad920872522f65cd3fc9583b07f51d0c4c47e3e0bedadd8daf8eb65ee773a48b,60213934,1722841946,2024-08-05 07:12:26,0x0000000000000000000000000000000000000000,0x1735b4964c4bb2c7550d7acfb980a09f2d01b8a0,17," ""Execute"""
Project,FamilyDay2024, acquired,User,0xd533f77241e68cfb5ced118b9e19c5a12353d6224f71bb776140f87f44102b1c,60243433,1722907681,2024-08-06 01:28:01,0x0000000000000000000000000000000000000000,0xd7e8e2b4c69f60b72404b40b2bca1602e13633f4,18," ""Execute"""
Project,FamilyDay2024, acquired,User,0x8eba5a53b97bba32c317047b88779fc5c2de65a6b0271353c4379f727ea339e5,60244093,1722909147,2024-08-06 01:52:27,0x0000000000000000000000000000000000000000,0xa6d4232acc87a027785a35036a22bd07464b8217,19," ""Execute"""
Project,FamilyDay2024, acquired,User,0xb9e9e982ccf929be8398bc50492ec7031fc8038b987e6bc29ebddb14a97172b1,60246110,1722913600,2024-08-06 03:06:40,0x0000000000000000000000000000000000000000,0xbf7d77a2e9d0b3b998f7b40548c2640f3d100524,20," ""Execute"""
Project,FamilyDay2024, acquired,User,0x3b4d0a0e6889756fb193cc8ee2f642fab43d016673dcd4c9f045a95dfb647d4c,60255614,1722934109,2024-08-06 08:48:29,0x0000000000000000000000000000000000000000,0xf8e7393ac3ecdd5f6a4ec7c90511d22902c11b4d,21," ""Execute"""
Project,FamilyDay2024, acquired,User,0xb24e87909af630d12c297bf3dabc6afdf1a8a089eb615b2afd2c5bd74f24c75a,60285323,1723000353,2024-08-07 03:12:33,0x0000000000000000000000000000000000000000,0x0947fd98352dcfa471def3d91401766361ac4a4a,22," ""Execute"""
Project,FamilyDay2024, acquired,User,0x9b49460eb83be65e61c6ef4aa04021ac2c026c4ae1a9f0d207b6eeadcefd836a,60360955,1723166443,2024-08-09 01:20:43,0x0000000000000000000000000000000000000000,0x1f29e527c16b767ae1088636eaabd2c09e369736,23," ""Execute"""